claim_summary_id,city,state,territory,diagnosis,primary_therapy,diagnosed_patient_count,treated_patient_count,treatment_penetration_rate
CLM-00001,New York,NY,NE-01,HER2-mutant NSCLC,Enhertu,83,43,51.81
CLM-00002,New York,NY,NE-01,HER2-mutant NSCLC,Enhertu,536,366,68.28
CLM-00003,New York,NY,NE-01,FLT3-ITD+ AML,Vanflyta,220,103,46.82
CLM-00004,New York,NY,NE-02,HR+/HER2- breast cancer,Datroway,544,194,35.66
CLM-00005,New York,NY,NE-02,HER2-mutant NSCLC,Enhertu,473,306,64.69
CLM-00006,New York,NY,NE-02,HR+/HER2- breast cancer,Datroway,526,137,26.05
CLM-00007,New York,NY,NE-02,HER2-mutant NSCLC,Enhertu,365,215,58.9
CLM-00008,New York,NY,NE-03,HR+/HER2- breast cancer,Datroway,453,135,29.8
CLM-00009,New York,NY,NE-03,TROP2 NSCLC,Datroway,280,104,37.14
CLM-00010,New York,NY,NE-03,HER2-mutant NSCLC,Enhertu,83,47,56.63
CLM-00011,Boston,MA,NE-01,HER2+ breast cancer,Enhertu,296,61,20.61
CLM-00012,Boston,MA,NE-01,HER2+ gastric cancer,Enhertu,45,28,62.22
CLM-00013,Boston,MA,NE-01,TROP2 NSCLC,Datroway,284,151,53.17
CLM-00014,Boston,MA,NE-01,FLT3-ITD+ AML,Vanflyta,308,138,44.81
CLM-00015,Boston,MA,NE-01,HER2+ breast cancer,Enhertu,509,316,62.08
CLM-00016,Boston,MA,NE-02,HR+/HER2- breast cancer,Datroway,565,264,46.73
CLM-00017,Boston,MA,NE-02,HER2-mutant NSCLC,Enhertu,471,160,33.97
CLM-00018,Boston,MA,NE-02,HR+/HER2- breast cancer,Datroway,147,65,44.22
CLM-00019,Boston,MA,NE-02,HER2-mutant NSCLC,Enhertu,292,148,50.68
CLM-00020,Boston,MA,NE-03,FLT3-ITD+ AML,Vanflyta,561,177,31.55
CLM-00021,Boston,MA,NE-03,HER2+ breast cancer,Enhertu,131,35,26.72
CLM-00022,Boston,MA,NE-03,HR+/HER2- breast cancer,Datroway,60,32,53.33
CLM-00023,Boston,MA,NE-03,HER2+ gastric cancer,Enhertu,537,88,16.39
CLM-00024,Boston,MA,NE-03,TROP2 NSCLC,Datroway,478,325,67.99
CLM-00025,Houston,TX,SO-01,HER2-mutant NSCLC,Enhertu,354,93,26.27
CLM-00026,Houston,TX,SO-01,HER2+ breast cancer,Enhertu,406,234,57.64
CLM-00027,Houston,TX,SO-01,TROP2 NSCLC,Datroway,350,86,24.57
CLM-00028,Houston,TX,SO-01,HER2+ breast cancer,Enhertu,470,115,24.47
CLM-00029,Houston,TX,SO-01,TROP2 NSCLC,Datroway,494,74,14.98
CLM-00030,Houston,TX,SO-02,FLT3-ITD+ AML,Vanflyta,142,98,69.01
CLM-00031,Houston,TX,SO-02,HER2+ gastric cancer,Enhertu,91,39,42.86
CLM-00032,Houston,TX,SO-02,HER2-low breast cancer,Enhertu,200,114,57.0
CLM-00033,Houston,TX,SO-03,FLT3-ITD+ AML,Vanflyta,234,161,68.8
CLM-00034,Houston,TX,SO-03,TROP2 NSCLC,Datroway,433,277,63.97
CLM-00035,Houston,TX,SO-03,HER2+ breast cancer,Enhertu,578,225,38.93
CLM-00036,Houston,TX,SO-03,TROP2 NSCLC,Datroway,326,126,38.65
CLM-00037,Houston,TX,SO-03,HER2-low breast cancer,Enhertu,416,262,62.98
CLM-00038,Rochester,MN,MW-01,HER2-mutant NSCLC,Enhertu,241,164,68.05
CLM-00039,Rochester,MN,MW-01,FLT3-ITD+ AML,Vanflyta,188,96,51.06
CLM-00040,Rochester,MN,MW-01,HER2-low breast cancer,Enhertu,459,255,55.56
CLM-00041,Rochester,MN,MW-02,HR+/HER2- breast cancer,Datroway,246,140,56.91
CLM-00042,Rochester,MN,MW-02,HER2+ breast cancer,Enhertu,195,60,30.77
CLM-00043,Rochester,MN,MW-02,HER2-mutant NSCLC,Enhertu,446,86,19.28
CLM-00044,Cleveland,OH,MW-01,FLT3-ITD+ AML,Vanflyta,596,301,50.5
CLM-00045,Cleveland,OH,MW-01,FLT3-ITD+ AML,Vanflyta,535,325,60.75
CLM-00046,Cleveland,OH,MW-01,HER2-mutant NSCLC,Enhertu,92,61,66.3
CLM-00047,Cleveland,OH,MW-01,HER2+ breast cancer,Enhertu,162,88,54.32
CLM-00048,Cleveland,OH,MW-01,HER2+ gastric cancer,Enhertu,262,76,29.01
CLM-00049,Cleveland,OH,MW-02,HER2+ gastric cancer,Enhertu,88,29,32.95
CLM-00050,Cleveland,OH,MW-02,HER2+ gastric cancer,Enhertu,172,50,29.07
CLM-00051,Cleveland,OH,MW-02,HER2+ gastric cancer,Enhertu,290,100,34.48
CLM-00052,Palo Alto,CA,WE-01,HER2+ breast cancer,Enhertu,198,119,60.1
CLM-00053,Palo Alto,CA,WE-01,FLT3-ITD+ AML,Vanflyta,448,163,36.38
CLM-00054,Palo Alto,CA,WE-01,HER2-mutant NSCLC,Enhertu,193,118,61.14
CLM-00055,Palo Alto,CA,WE-02,HER2-mutant NSCLC,Enhertu,315,174,55.24
CLM-00056,Palo Alto,CA,WE-02,FLT3-ITD+ AML,Vanflyta,93,53,56.99
CLM-00057,Palo Alto,CA,WE-02,HER2+ gastric cancer,Enhertu,137,30,21.9
CLM-00058,Palo Alto,CA,WE-02,HER2-mutant NSCLC,Enhertu,494,144,29.15
CLM-00059,Palo Alto,CA,WE-03,HER2-low breast cancer,Enhertu,240,123,51.25
CLM-00060,Palo Alto,CA,WE-03,TROP2 NSCLC,Datroway,362,110,30.39
CLM-00061,Palo Alto,CA,WE-03,TROP2 NSCLC,Datroway,311,102,32.8
CLM-00062,Los Angeles,CA,WE-01,HER2+ gastric cancer,Enhertu,471,178,37.79
CLM-00063,Los Angeles,CA,WE-01,HER2-mutant NSCLC,Enhertu,356,148,41.57
CLM-00064,Los Angeles,CA,WE-01,HER2+ breast cancer,Enhertu,186,119,63.98
CLM-00065,Los Angeles,CA,WE-02,HER2+ breast cancer,Enhertu,228,62,27.19
CLM-00066,Los Angeles,CA,WE-02,HR+/HER2- breast cancer,Datroway,475,250,52.63
CLM-00067,Los Angeles,CA,WE-02,HR+/HER2- breast cancer,Datroway,353,70,19.83
CLM-00068,Los Angeles,CA,WE-02,HER2+ gastric cancer,Enhertu,108,50,46.3
CLM-00069,Los Angeles,CA,WE-02,TROP2 NSCLC,Datroway,162,53,32.72
CLM-00070,Los Angeles,CA,WE-03,HER2-low breast cancer,Enhertu,548,147,26.82
CLM-00071,Los Angeles,CA,WE-03,HER2+ breast cancer,Enhertu,141,72,51.06
CLM-00072,Los Angeles,CA,WE-03,HER2-mutant NSCLC,Enhertu,236,117,49.58
CLM-00073,Los Angeles,CA,WE-03,HER2+ gastric cancer,Enhertu,258,103,39.92
CLM-00074,Los Angeles,CA,WE-03,HER2+ breast cancer,Enhertu,130,37,28.46
CLM-00075,San Francisco,CA,WE-01,HR+/HER2- breast cancer,Datroway,45,7,15.56
CLM-00076,San Francisco,CA,WE-01,HR+/HER2- breast cancer,Datroway,258,142,55.04
CLM-00077,San Francisco,CA,WE-01,TROP2 NSCLC,Datroway,271,87,32.1
CLM-00078,San Francisco,CA,WE-01,HER2-mutant NSCLC,Enhertu,232,42,18.1
CLM-00079,San Francisco,CA,WE-02,HER2-mutant NSCLC,Enhertu,528,132,25.0
CLM-00080,San Francisco,CA,WE-02,HER2+ gastric cancer,Enhertu,310,188,60.65
CLM-00081,San Francisco,CA,WE-02,FLT3-ITD+ AML,Vanflyta,193,127,65.8
CLM-00082,San Francisco,CA,WE-02,HER2+ gastric cancer,Enhertu,518,206,39.77
CLM-00083,San Francisco,CA,WE-02,TROP2 NSCLC,Datroway,397,275,69.27
CLM-00084,San Francisco,CA,WE-03,HER2-mutant NSCLC,Enhertu,591,375,63.45
CLM-00085,San Francisco,CA,WE-03,HER2-low breast cancer,Enhertu,47,12,25.53
CLM-00086,San Francisco,CA,WE-03,FLT3-ITD+ AML,Vanflyta,84,36,42.86
CLM-00087,San Francisco,CA,WE-03,HER2+ breast cancer,Enhertu,356,228,64.04
CLM-00088,San Francisco,CA,WE-03,HER2+ gastric cancer,Enhertu,497,155,31.19
CLM-00089,Baltimore,MD,NE-01,HER2-mutant NSCLC,Enhertu,234,99,42.31
CLM-00090,Baltimore,MD,NE-01,HR+/HER2- breast cancer,Datroway,114,54,47.37
CLM-00091,Baltimore,MD,NE-01,HER2+ breast cancer,Enhertu,587,174,29.64
CLM-00092,Baltimore,MD,NE-02,HER2-low breast cancer,Enhertu,251,44,17.53
CLM-00093,Baltimore,MD,NE-02,HER2-low breast cancer,Enhertu,566,283,50.0
CLM-00094,Baltimore,MD,NE-02,HER2-mutant NSCLC,Enhertu,175,111,63.43
CLM-00095,Baltimore,MD,NE-02,HER2-low breast cancer,Enhertu,293,48,16.38
CLM-00096,Baltimore,MD,NE-03,TROP2 NSCLC,Datroway,423,141,33.33
CLM-00097,Baltimore,MD,NE-03,HER2-low breast cancer,Enhertu,383,58,15.14
CLM-00098,Baltimore,MD,NE-03,HR+/HER2- breast cancer,Datroway,437,171,39.13
CLM-00099,Chicago,IL,MW-01,HER2-low breast cancer,Enhertu,51,22,43.14
CLM-00100,Chicago,IL,MW-01,HER2+ gastric cancer,Enhertu,549,244,44.44
CLM-00101,Chicago,IL,MW-01,HER2-mutant NSCLC,Enhertu,573,208,36.3
CLM-00102,Chicago,IL,MW-02,FLT3-ITD+ AML,Vanflyta,279,130,46.59
CLM-00103,Chicago,IL,MW-02,HER2-low breast cancer,Enhertu,81,18,22.22
CLM-00104,Chicago,IL,MW-02,HER2-low breast cancer,Enhertu,497,333,67.0
CLM-00105,Durham,NC,SO-01,HER2+ breast cancer,Enhertu,495,207,41.82
CLM-00106,Durham,NC,SO-01,HER2-low breast cancer,Enhertu,112,29,25.89
CLM-00107,Durham,NC,SO-01,HER2-low breast cancer,Enhertu,377,178,47.21
CLM-00108,Durham,NC,SO-01,HER2+ gastric cancer,Enhertu,437,299,68.42
CLM-00109,Durham,NC,SO-02,HER2-low breast cancer,Enhertu,589,125,21.22
CLM-00110,Durham,NC,SO-02,FLT3-ITD+ AML,Vanflyta,320,130,40.62
CLM-00111,Durham,NC,SO-02,TROP2 NSCLC,Datroway,46,11,23.91
CLM-00112,Durham,NC,SO-02,FLT3-ITD+ AML,Vanflyta,284,44,15.49
CLM-00113,Durham,NC,SO-03,HER2-mutant NSCLC,Enhertu,355,56,15.77
CLM-00114,Durham,NC,SO-03,HER2-low breast cancer,Enhertu,145,65,44.83
CLM-00115,Durham,NC,SO-03,TROP2 NSCLC,Datroway,295,131,44.41
CLM-00116,Durham,NC,SO-03,HER2+ breast cancer,Enhertu,122,84,68.85
CLM-00117,Durham,NC,SO-03,FLT3-ITD+ AML,Vanflyta,467,299,64.03
CLM-00118,Atlanta,GA,SO-01,HER2-low breast cancer,Enhertu,499,144,28.86
CLM-00119,Atlanta,GA,SO-01,HER2-low breast cancer,Enhertu,279,54,19.35
CLM-00120,Atlanta,GA,SO-01,HER2-mutant NSCLC,Enhertu,139,73,52.52
CLM-00121,Atlanta,GA,SO-01,HER2-low breast cancer,Enhertu,123,81,65.85
CLM-00122,Atlanta,GA,SO-01,HR+/HER2- breast cancer,Datroway,499,99,19.84
CLM-00123,Atlanta,GA,SO-02,FLT3-ITD+ AML,Vanflyta,96,66,68.75
CLM-00124,Atlanta,GA,SO-02,FLT3-ITD+ AML,Vanflyta,241,64,26.56
CLM-00125,Atlanta,GA,SO-02,FLT3-ITD+ AML,Vanflyta,80,38,47.5
CLM-00126,Atlanta,GA,SO-03,HER2+ breast cancer,Enhertu,141,75,53.19
CLM-00127,Atlanta,GA,SO-03,HER2+ breast cancer,Enhertu,327,76,23.24
CLM-00128,Atlanta,GA,SO-03,HR+/HER2- breast cancer,Datroway,53,24,45.28
CLM-00129,Atlanta,GA,SO-03,FLT3-ITD+ AML,Vanflyta,556,240,43.17
CLM-00130,Seattle,WA,WE-01,HER2+ breast cancer,Enhertu,73,23,31.51
CLM-00131,Seattle,WA,WE-01,FLT3-ITD+ AML,Vanflyta,555,217,39.1
CLM-00132,Seattle,WA,WE-01,HER2-low breast cancer,Enhertu,183,120,65.57
CLM-00133,Seattle,WA,WE-01,FLT3-ITD+ AML,Vanflyta,532,303,56.95
CLM-00134,Seattle,WA,WE-02,HER2-low breast cancer,Enhertu,245,49,20.0
CLM-00135,Seattle,WA,WE-02,HER2-low breast cancer,Enhertu,270,152,56.3
CLM-00136,Seattle,WA,WE-02,HR+/HER2- breast cancer,Datroway,376,86,22.87
CLM-00137,Seattle,WA,WE-02,HR+/HER2- breast cancer,Datroway,491,165,33.6
CLM-00138,Seattle,WA,WE-03,HER2+ breast cancer,Enhertu,573,304,53.05
CLM-00139,Seattle,WA,WE-03,HER2+ gastric cancer,Enhertu,262,48,18.32
CLM-00140,Seattle,WA,WE-03,TROP2 NSCLC,Datroway,439,211,48.06
CLM-00141,Tampa,FL,SO-01,TROP2 NSCLC,Datroway,169,114,67.46
CLM-00142,Tampa,FL,SO-01,HER2-mutant NSCLC,Enhertu,214,34,15.89
CLM-00143,Tampa,FL,SO-01,HER2+ breast cancer,Enhertu,386,251,65.03
CLM-00144,Tampa,FL,SO-01,HER2+ gastric cancer,Enhertu,305,77,25.25
CLM-00145,Tampa,FL,SO-02,HER2-mutant NSCLC,Enhertu,596,275,46.14
CLM-00146,Tampa,FL,SO-02,HER2-mutant NSCLC,Enhertu,65,21,32.31
CLM-00147,Tampa,FL,SO-02,FLT3-ITD+ AML,Vanflyta,131,61,46.56
CLM-00148,Tampa,FL,SO-02,TROP2 NSCLC,Datroway,116,39,33.62
CLM-00149,Tampa,FL,SO-03,TROP2 NSCLC,Datroway,127,80,62.99
CLM-00150,Tampa,FL,SO-03,FLT3-ITD+ AML,Vanflyta,83,57,68.67
CLM-00151,Tampa,FL,SO-03,HER2-mutant NSCLC,Enhertu,484,269,55.58
CLM-00152,Duarte,CA,WE-01,TROP2 NSCLC,Datroway,62,26,41.94
CLM-00153,Duarte,CA,WE-01,HR+/HER2- breast cancer,Datroway,405,228,56.3
CLM-00154,Duarte,CA,WE-01,TROP2 NSCLC,Datroway,126,81,64.29
CLM-00155,Duarte,CA,WE-01,FLT3-ITD+ AML,Vanflyta,453,200,44.15
CLM-00156,Duarte,CA,WE-02,HR+/HER2- breast cancer,Datroway,402,251,62.44
CLM-00157,Duarte,CA,WE-02,TROP2 NSCLC,Datroway,136,80,58.82
CLM-00158,Duarte,CA,WE-02,HER2-mutant NSCLC,Enhertu,506,321,63.44
CLM-00159,Duarte,CA,WE-03,HR+/HER2- breast cancer,Datroway,369,257,69.65
CLM-00160,Duarte,CA,WE-03,HER2-low breast cancer,Enhertu,114,40,35.09
CLM-00161,Duarte,CA,WE-03,HER2+ breast cancer,Enhertu,580,216,37.24
CLM-00162,Duarte,CA,WE-03,FLT3-ITD+ AML,Vanflyta,580,220,37.93
CLM-00163,Duarte,CA,WE-03,HR+/HER2- breast cancer,Datroway,42,10,23.81
CLM-00164,Nashville,TN,SO-01,TROP2 NSCLC,Datroway,382,73,19.11
CLM-00165,Nashville,TN,SO-01,HER2-low breast cancer,Enhertu,404,165,40.84
CLM-00166,Nashville,TN,SO-01,HR+/HER2- breast cancer,Datroway,568,273,48.06
CLM-00167,Nashville,TN,SO-02,TROP2 NSCLC,Datroway,377,178,47.21
CLM-00168,Nashville,TN,SO-02,HER2-mutant NSCLC,Enhertu,585,283,48.38
CLM-00169,Nashville,TN,SO-02,FLT3-ITD+ AML,Vanflyta,307,152,49.51
CLM-00170,Nashville,TN,SO-03,HER2+ gastric cancer,Enhertu,306,49,16.01
CLM-00171,Nashville,TN,SO-03,FLT3-ITD+ AML,Vanflyta,419,221,52.74
CLM-00172,Nashville,TN,SO-03,HR+/HER2- breast cancer,Datroway,217,47,21.66
CLM-00173,Ann Arbor,MI,MW-01,HER2-low breast cancer,Enhertu,152,64,42.11
CLM-00174,Ann Arbor,MI,MW-01,HR+/HER2- breast cancer,Datroway,494,325,65.79
CLM-00175,Ann Arbor,MI,MW-01,HER2-low breast cancer,Enhertu,77,52,67.53
CLM-00176,Ann Arbor,MI,MW-01,FLT3-ITD+ AML,Vanflyta,419,89,21.24
CLM-00177,Ann Arbor,MI,MW-02,TROP2 NSCLC,Datroway,274,93,33.94
CLM-00178,Ann Arbor,MI,MW-02,HR+/HER2- breast cancer,Datroway,493,231,46.86
CLM-00179,Ann Arbor,MI,MW-02,HER2-mutant NSCLC,Enhertu,379,57,15.04
CLM-00180,Ann Arbor,MI,MW-02,HR+/HER2- breast cancer,Datroway,138,44,31.88
CLM-00181,Ann Arbor,MI,MW-02,TROP2 NSCLC,Datroway,212,101,47.64
CLM-00182,New Haven,CT,NE-01,HER2+ gastric cancer,Enhertu,266,57,21.43
CLM-00183,New Haven,CT,NE-01,HER2+ gastric cancer,Enhertu,506,309,61.07
CLM-00184,New Haven,CT,NE-01,HER2-low breast cancer,Enhertu,169,70,41.42
CLM-00185,New Haven,CT,NE-02,HER2+ breast cancer,Enhertu,304,61,20.07
CLM-00186,New Haven,CT,NE-02,FLT3-ITD+ AML,Vanflyta,348,157,45.11
CLM-00187,New Haven,CT,NE-02,FLT3-ITD+ AML,Vanflyta,89,34,38.2
CLM-00188,New Haven,CT,NE-02,HR+/HER2- breast cancer,Datroway,40,26,65.0
CLM-00189,New Haven,CT,NE-02,HER2+ breast cancer,Enhertu,55,36,65.45
CLM-00190,New Haven,CT,NE-03,HR+/HER2- breast cancer,Datroway,128,83,64.84
CLM-00191,New Haven,CT,NE-03,HER2+ breast cancer,Enhertu,426,144,33.8
CLM-00192,New Haven,CT,NE-03,FLT3-ITD+ AML,Vanflyta,477,122,25.58
CLM-00193,New Haven,CT,NE-03,HER2-mutant NSCLC,Enhertu,106,43,40.57
CLM-00194,New Haven,CT,NE-03,HER2+ gastric cancer,Enhertu,287,161,56.1
CLM-00195,Pittsburgh,PA,NE-01,HER2+ breast cancer,Enhertu,323,173,53.56
CLM-00196,Pittsburgh,PA,NE-01,TROP2 NSCLC,Datroway,432,182,42.13
CLM-00197,Pittsburgh,PA,NE-01,HER2+ gastric cancer,Enhertu,411,121,29.44
CLM-00198,Pittsburgh,PA,NE-01,HER2+ gastric cancer,Enhertu,43,17,39.53
CLM-00199,Pittsburgh,PA,NE-01,HER2+ breast cancer,Enhertu,418,128,30.62
CLM-00200,Pittsburgh,PA,NE-02,TROP2 NSCLC,Datroway,427,164,38.41
CLM-00201,Pittsburgh,PA,NE-02,HER2+ gastric cancer,Enhertu,278,87,31.29
CLM-00202,Pittsburgh,PA,NE-02,HER2+ gastric cancer,Enhertu,81,33,40.74
CLM-00203,Pittsburgh,PA,NE-02,HER2-mutant NSCLC,Enhertu,600,280,46.67
CLM-00204,Pittsburgh,PA,NE-02,HER2-mutant NSCLC,Enhertu,274,47,17.15
CLM-00205,Pittsburgh,PA,NE-03,HER2-low breast cancer,Enhertu,134,60,44.78
CLM-00206,Pittsburgh,PA,NE-03,HR+/HER2- breast cancer,Datroway,281,53,18.86
CLM-00207,Pittsburgh,PA,NE-03,HER2-mutant NSCLC,Enhertu,169,45,26.63
CLM-00208,Pittsburgh,PA,NE-03,HER2-low breast cancer,Enhertu,502,188,37.45
CLM-00209,Salt Lake City,UT,WE-01,HER2-low breast cancer,Enhertu,120,71,59.17
CLM-00210,Salt Lake City,UT,WE-01,FLT3-ITD+ AML,Vanflyta,460,163,35.43
CLM-00211,Salt Lake City,UT,WE-01,HER2-mutant NSCLC,Enhertu,395,202,51.14
CLM-00212,Salt Lake City,UT,WE-02,TROP2 NSCLC,Datroway,324,98,30.25
CLM-00213,Salt Lake City,UT,WE-02,HR+/HER2- breast cancer,Datroway,382,77,20.16
CLM-00214,Salt Lake City,UT,WE-02,HER2+ gastric cancer,Enhertu,359,194,54.04
CLM-00215,Salt Lake City,UT,WE-02,TROP2 NSCLC,Datroway,74,33,44.59
CLM-00216,Salt Lake City,UT,WE-02,HR+/HER2- breast cancer,Datroway,459,263,57.3
CLM-00217,Salt Lake City,UT,WE-03,HER2-mutant NSCLC,Enhertu,106,60,56.6
CLM-00218,Salt Lake City,UT,WE-03,FLT3-ITD+ AML,Vanflyta,274,50,18.25
CLM-00219,Salt Lake City,UT,WE-03,TROP2 NSCLC,Datroway,418,223,53.35
CLM-00220,Salt Lake City,UT,WE-03,HER2+ gastric cancer,Enhertu,264,60,22.73
CLM-00221,Salt Lake City,UT,WE-03,FLT3-ITD+ AML,Vanflyta,476,89,18.7
